customer_id,profile,region,contract_type,meter_health,premise_density,synthetic_preset,transformer_id,feeder_id,latitude,longitude,tariff_group,label,theft_type,mean_consumption,std_consumption,min_consumption,max_consumption,median_consumption,skewness,kurtosis,mean_daily_total,std_daily_total,cv_daily,night_day_ratio,zero_measurement_pct,sudden_change_ratio,trend_slope,peak_hour,iqr,weekend_weekday_ratio,peak_offpeak_ratio,morning_noon_ratio,baseload_ratio,load_factor,event_spike_ratio,billing_volatility,rolling_weekly_volatility,anomaly_burst_ratio,temperature_sensitivity,solar_relief_factor,meter_age_years,contract_demand_kw,outage_event_count,tamper_event_count,days_since_last_tamper,tamper_density,transformer_loss_pct,customer_share_of_loss,transformer_peer_count,peer_consumption_ratio,peer_zero_pct_deviation,peer_rank_in_transformer,is_summer_peak,is_ramadan_period,is_bayram_week,seasonal_anomaly_flag
0,mixed_use,coastal,time_of_use,healthy,clustered,Turkey Urban,TR-001,FD-01,40.232530242526835,41.19534913964309,T2,0,none,5.081430025566197,3.4171131462473223,0.6288890240917366,11.603789310851571,3.1357252789608037,0.564035564293101,-1.2931278841020586,121.95432061358873,9.999628411562846,0.08199486791801856,0.4756982806404998,0.0,0.12574850299401197,4.441340619167654,19,6.023042523054785,1.1465395472669817,3.9853949115299043,1.7881385851006009,0.33704402296188274,0.4379112620077529,0.05357142857142857,6.860064400862258,6.329420674157319,0.14285714285714285,0.746558337238974,0.056996258024004515,10,73.31801412967017,0,0,7,0.0,4.14,2.04,50,0.738,-0.0205,32,0,0,0,0
1,residential,metro,large_scale,tampered,dense,Turkey Urban,TR-001,FD-01,41.54635629818361,41.802634968252235,T1,0,none,2.8319079045072595,2.7279262688587287,0.0,8.325276902115185,1.1544299147463146,0.6934192770970405,-1.2766130927801103,67.96578970817423,5.44630643394969,0.0801330560055765,0.47878874121136705,0.011904761904761904,0.1317365269461078,1.3028072803825015,19,5.066638403966584,1.106088554602135,7.123397347210508,4.448223500662414,0.14374747313163783,0.3401578030859472,0.05357142857142857,4.362830964313751,3.5446910458644845,0.0,0.14200008641821765,0.047572285184560324,8,36.05614508210276,0,1,4,1.0,2.35,1.13,50,0.993,-0.0207,11,1,0,0,1
2,commercial,metro,time_of_use,aging,dense,Turkey Urban,TR-001,FD-01,41.00851228517315,42.163438287173015,T2,0,none,4.357928895392173,3.8012661952493905,0.0,11.148719496630424,2.1946275400812345,0.38014988813724904,-1.6092241253130897,104.59029348941213,12.86268880629461,0.12298166852707902,0.1432357443488877,0.041666666666666664,0.08383233532934131,-4.13545904406083,17,7.344875530749882,0.7800055892578776,2.5644765913397825,0.48006059630483283,0.0680727765758737,0.39089053167051185,0.05357142857142857,15.61115930835458,6.720475783296118,0.14285714285714285,0.02923802381530827,0.04782327088397933,10,60.959834978943135,0,0,7,0.0,4.26,1.75,50,1.049,0.0032,28,0,0,0,0
3,mixed_use,metro,standard,healthy,dense,Turkey Urban,TR-001,FD-01,39.3155934095298,26.715555831287812,T2,0,none,7.134062759800865,5.271857919517172,0.0,18.17610294361508,4.219076388264504,0.5658799631981185,-1.2436112542142115,171.21750623522075,10.189706187966017,0.059513226254867525,0.4610832876154549,0.017857142857142856,0.10778443113772455,4.131936661553134,21,9.187757782049953,1.1117092936401096,4.454879918843573,2.0873899068382107,0.2782860395206142,0.39249682828089155,0.05357142857142857,6.045994588378968,5.976318358171988,0.14285714285714285,0.33484891055052607,0.23641616819391337,1,126.48274826959405,1,3,2,3.0,2.47,2.86,50,1.036,-0.0026,43,0,0,0,0
4,mixed_use,rural,standard,aging,dispersed,Turkey Urban,TR-001,FD-01,41.54822963911242,31.590905360653082,T2,1,night_zeroing,4.914715599866303,4.38136721960078,0.0012813622390660186,14.131683107513041,3.4705053605433873,0.35068134060576517,-1.3877735005032634,117.95317439679127,7.218624374067465,0.06119906827748627,0.0018722414826715932,0.10119047619047619,0.10179640718562874,2.4375952034435358,17,8.910938561542764,1.0945347645669432,984.4914923367837,1.523691968659353,0.002049034310669193,0.3477799182869886,0.05357142857142857,5.171831103606151,5.161227880947156,0.0,0.6415174564916463,0.0018082115410020094,15,59.51400886827964,2,4,5,4.0,2.4,1.97,50,0.714,0.0807,31,0,0,0,0
5,commercial,metro,large_scale,healthy,dense,Turkey Urban,TR-002,FD-01,39.48309527751897,42.6071244488589,T2,0,none,5.568565962553503,4.832424409167469,0.0,14.60884991096786,2.5793570614724954,0.43336132746905803,-1.5579226859427444,133.64558310128407,9.807833995898076,0.07338689216336676,0.14796423622362329,0.017857142857142856,0.08383233532934131,-3.373597094650113,10,9.012215221446205,0.8637100502273778,2.180015717518236,0.602757318765988,0.10812073952940116,0.3811775733667456,0.05357142857142857,13.66959555003508,3.9910180113069016,0.14285714285714285,0.0430355552535204,0.19567513094145736,4,121.25328816955329,0,0,7,0.0,4.63,2.57,50,1.131,-0.0258,36,0,0,0,0
6,commercial,plateau,large_scale,healthy,clustered,Turkey Urban,TR-002,FD-01,37.419713538423146,33.426757605192044,T2,0,none,6.435866974823772,5.956707954804262,0.0,16.8528441729711,2.7942389422251863,0.44008042151344046,-1.6645451413887207,154.46080739577047,20.238010920545918,0.1310235991929034,0.13062323965388525,0.05357142857142857,0.08383233532934131,-4.305364606881709,13,11.88262775466132,0.9443610597164933,2.2821941482757584,0.5004197438067813,0.09928925471538666,0.38188610212909174,0.05357142857142857,21.914549286201837,12.888412758020962,0.14285714285714285,-0.2208286060741063,0.013693832073971235,14,102.54868629666728,1,1,3,1.0,2.37,2.97,50,1.307,0.0099,44,1,0,0,0
7,residential,metro,standard,aging,dense,Turkey Urban,TR-002,FD-01,37.32237204227309,39.77484609787675,T1,0,none,3.1199882477576986,2.767297469847829,0.0,8.173850054217727,1.5049301789557754,0.5510532240917243,-1.4956308976401014,74.87971794618477,3.3293426542262625,0.04446254266308,0.6202389807509395,0.017857142857142856,0.1377245508982036,1.393957255208834,18,5.4416024645771905,1.094476851925825,5.6080116543083784,4.3978648432546565,0.16082933753507095,0.3817036308771948,0.05357142857142857,1.183005816017254,1.6071749697534723,0.2857142857142857,0.4188336151554489,0.23504417858600812,9,27.80248695898116,0,0,7,0.0,2.8,1.44,50,1.184,-0.0111,21,0,0,0,0
8,residential,coastal,standard,healthy,clustered,Turkey Urban,TR-002,FD-01,41.73034413299738,38.87224780860382,T1,0,none,2.060897057414936,1.884374594048994,0.0,5.390331326168018,0.834401726206166,0.56421374316386,-1.5581787861625769,49.46152937795846,2.575620633120494,0.05207321053334706,0.48237515894090227,0.005952380952380952,0.16167664670658682,1.1031307477880685,18,3.6991372767649984,1.104345104829081,7.247563137870718,4.73312997789196,0.18925890398643638,0.38233216640816486,0.05357142857142857,1.2747377328052205,1.5171490667361633,0.14285714285714285,0.43827149758534484,0.09091488691285994,15,26.4442133730436,1,1,5,1.0,4.55,0.95,50,0.782,-0.023,9,1,0,0,1
9,mixed_use,plateau,large_scale,healthy,clustered,Turkey Urban,TR-001,FD-01,40.68706616770501,36.50762523201434,T2,0,none,10.79174388126186,7.307128686235345,0.4428865685045631,27.299481306182376,6.806830678316935,0.6245702620150508,-1.1318841319950828,259.0018531502846,16.451636681968818,0.06351937826401435,0.48367897245887304,0.0,0.11377245508982035,6.512306367942015,18,12.48542410465245,1.1037338188002945,4.108634748931677,1.7326455547295352,0.353656862775059,0.3953094843184736,0.05357142857142857,11.217081904192451,9.655844395613869,0.2857142857142857,0.6845111413601654,0.12459814192844997,5,145.66129832360429,0,0,7,0.0,3.33,4.32,50,1.567,-0.0205,48,0,0,0,0
10,residential,metro,large_scale,healthy,dense,Turkey Urban,TR-002,FD-01,39.434566859769774,38.99715136949315,T1,0,none,3.82525362026499,3.59111382796928,0.0,10.319780292437502,1.414531006708176,0.5997365311607258,-1.478509782042259,91.80608688635974,6.233599315780857,0.06789962982321633,0.49755907779608416,0.005952380952380952,0.15568862275449102,2.6728738712058058,18,6.754892323210152,1.1116530039381605,7.343693184129801,5.437051722251027,0.18762296894895525,0.3706720015504086,0.05357142857142857,4.326653143012047,3.8620261378512564,0.14285714285714285,0.755095237488377,0.18320114763720768,12,55.65636340075011,0,0,7,0.0,4.46,1.76,50,1.451,-0.023,31,0,0,0,0
11,residential,metro,standard,healthy,dense,Turkey Urban,TR-001,FD-01,38.1723379307875,40.19120337538887,T1,0,none,3.4714665415089274,3.1249307638313883,0.028202109377150175,9.303206452543664,1.4235057007756708,0.5813154444803826,-1.5090307874432025,83.31519699621425,5.578975003913406,0.06696227344331054,0.4768542635707644,0.0,0.1497005988023952,2.398078523521582,21,6.048761293926075,1.107930553821277,7.102523304509366,4.382403764890841,0.2113502654023986,0.3731473181301155,0.05357142857142857,3.9995576331759315,4.153009557651035,0.0,0.7205852057120833,0.11619859186361034,15,37.75608253643451,0,3,4,3.0,2.98,1.39,50,1.217,-0.0326,19,0,0,0,0
12,residential,metro,large_scale,aging,dense,Turkey Urban,TR-001,FD-01,40.500819712487484,39.40773966162217,T1,1,constant_reduction,1.2951452546660964,1.2330901384082422,0.0,3.7190380345124514,0.5438532075824902,0.5524130108579579,-1.4715335221134747,31.08348611198631,1.0174692355743051,0.03273343381052158,0.5618029727091006,0.06547619047619048,0.1497005988023952,0.23689036442001923,19,2.367517956297106,1.0215200765079757,6.307956649246696,5.246174841496231,0.09057794748950344,0.3482473798774715,0.05357142857142857,1.280178626024427,0.6850566962041299,0.14285714285714285,0.15734450760481658,0.146277559752041,6,35.1349805408887,0,4,3,4.0,3.65,0.52,50,0.454,0.0329,2,0,0,0,0
13,mixed_use,metro,time_of_use,healthy,dense,Turkey Urban,TR-002,FD-01,41.144621188660985,36.40781884205272,T2,0,none,10.694241162496043,7.59502167089334,0.07149464607102829,27.049955117400238,6.821138488025674,0.5701564264228327,-1.2079397840886017,256.66178789990505,22.9031341602763,0.08923468642054302,0.48205123058776383,0.0,0.11377245508982035,9.797422311088782,18,13.382026478214012,1.1390967606832856,4.143113650782331,2.168521452749989,0.27326582779535746,0.3953515306080237,0.05357142857142857,17.339670364392926,13.974602351451008,0.14285714285714285,0.785374534655868,0.22713507508815817,7,155.110639361892,2,1,4,1.0,2.62,4.93,50,1.421,-0.006,49,0,0,0,0
14,residential,metro,standard,healthy,dense,Turkey Urban,TR-002,FD-01,41.067364081914015,34.72836422085632,T1,1,intermittent_bypass,3.4823379927468316,3.3534531694827026,0.0,9.610262386168746,1.2832449795282745,0.5797732267988067,-1.529077233561045,83.57611182592396,5.7708591968350085,0.06904914658107474,0.45557821062731196,0.005952380952380952,0.15568862275449102,2.646975225338788,19,6.446151542164116,1.139979596255851,8.647174298250057,5.372772006581989,0.14214989362472963,0.3623561822968653,0.05357142857142857,3.2578506321863396,3.2210866395058844,0.14285714285714285,0.586520322719202,0.20181217161064618,15,33.95985320716653,0,3,5,3.0,3.41,1.61,50,1.321,-0.023,26,0,0,0,0
15,mixed_use,metro,standard,healthy,dense,Turkey Urban,TR-002,FD-01,41.5488832786896,37.83572954101997,T2,0,none,9.689781143349018,6.565244241646158,0.0,22.885861139188584,6.290530140534282,0.6067277724952282,-1.182682837279507,232.55474744037642,23.12117886545027,0.09942251929466187,0.5136810285092215,0.011904761904761904,0.11377245508982035,2.8203764828958726,17,11.238958487353466,1.0053681087382658,3.88098409480957,1.4970218611453487,0.3550589523276035,0.42339595963565335,0.05357142857142857,23.304222274222585,14.278442586523656,0.14285714285714285,0.7281347462886575,0.003658052170473951,12,165.90680309586102,1,1,1,1.0,3.08,4.47,50,1.287,0.006,47,0,0,0,0
16,commercial,metro,large_scale,aging,dense,Turkey Urban,TR-001,FD-01,40.79987303036645,41.64070573285449,T2,1,gradual_decrease,3.5579825420487867,3.508262058723283,0.0,12.743386988970261,2.0864770443820735,0.9440574010789543,-0.3881379667664233,85.39158100917089,29.96103550910356,0.3508663869612291,0.1799790860148708,0.07142857142857142,0.0718562874251497,-14.359711670330835,9,4.9829431979228005,0.5251278430056292,1.8190193926886238,0.6150477625037707,0.05076153350175135,0.2792022672101453,0.05357142857142857,31.284264022396286,18.782799036360323,0.0,-0.7372894778440124,0.16964026382649522,5,116.33138984954573,2,4,4,4.0,4.43,1.43,50,0.856,0.033,20,1,0,0,0
17,residential,plateau,time_of_use,aging,clustered,Turkey Urban,TR-002,FD-01,40.39048410739113,27.619902824249607,T1,0,none,1.8933793298249144,1.8580467987006815,0.0,5.61694408400648,0.7891486224853803,0.6385048047567685,-1.381622307154672,45.441103915797946,3.642637246807634,0.08016172434445691,0.44885388244239927,0.041666666666666664,0.1317365269461078,0.309420524960421,19,3.5266130945718315,1.0098851627114824,8.47858034286528,5.006584518934976,0.10455731742736865,0.3370835276507792,0.05357142857142857,3.7392844660862434,2.281281627542591,0.14285714285714285,0.6350743663850094,0.22433427923440738,12,26.413323813271607,1,0,7,0.0,4.31,0.87,50,0.718,0.0128,8,0,1,0,0
18,commercial,metro,standard,healthy,dense,Turkey Urban,TR-001,FD-01,39.97633210485301,30.423524027003616,T2,0,none,5.082925426798653,4.371388556632922,0.0,12.88952830221839,2.486341726561877,0.3692686312381721,-1.667792148409223,121.99021024316764,11.901428960967912,0.09756052503121967,0.14112318173058075,0.041666666666666664,0.08383233532934131,-4.7191180020171775,9,8.564361760252547,0.7993254919753436,2.5185833431466125,0.5316146628507283,0.13868431551961574,0.3943453401611592,0.05357142857142857,15.598819786368962,4.679128739972457,0.2857142857142857,-0.20113012001417982,0.11122702164911863,9,79.991140636477,0,0,7,0.0,3.25,2.04,50,1.223,0.0032,33,0,0,0,0
19,residential,coastal,standard,aging,clustered,Turkey Urban,TR-002,FD-01,37.86879821521038,37.25332399537026,T1,0,none,3.3346816221148976,3.185590861635669,0.0,9.565068826612587,1.4073762173630393,0.5619626180739395,-1.4814703710556658,80.03235893075755,5.902408770077537,0.07375027861476237,0.5625595670007619,0.041666666666666664,0.15568862275449102,2.501383412941558,18,6.1136920073076,1.1287108169571203,6.836724981249828,6.127098804076112,0.08494678996388147,0.3486312204414679,0.05357142857142857,4.010485688451093,4.065446027393802,0.0,0.724757499052695,0.15336541218973523,1,42.84827123344648,1,0,7,0.0,3.54,1.54,50,1.265,0.0128,24,0,0,0,0
20,commercial,rural,standard,healthy,dispersed,Turkey Urban,TR-001,FD-01,39.68344952161496,41.754948969187595,T2,0,none,5.294605742130908,4.856312926365984,0.0,13.860900542107395,2.2449380520255655,0.43876580083561917,-1.6537642299965867,127.07053781114178,14.452425516547454,0.11373545563244547,0.13708814591762108,0.03571428571428571,0.08383233532934131,-4.0665154870404,10,9.48964455289295,0.909424754774817,2.242625637147753,0.5140322794148555,0.1067318036336392,0.38198136709998415,0.05357142857142857,16.522982911209926,8.654729359279372,0.2857142857142857,-0.28913111169225186,0.04909462335832345,10,81.7624103421727,2,0,7,0.0,4.47,2.12,50,1.274,-0.0027,35,0,0,0,0
21,commercial,metro,large_scale,healthy,dense,Turkey Urban,TR-001,FD-01,40.6386487894271,35.595296952015985,T2,0,none,4.042811361981111,3.6885545712405756,0.0,10.74227930207658,1.7388942025523753,0.4357240199465883,-1.5577133839268704,97.02747268754668,7.254564991896849,0.07476815370127929,0.13254036545851006,0.041666666666666664,0.08982035928143713,-2.042891711835307,16,7.065188591994359,0.8633858817843176,2.2904953956357974,0.5544853496994697,0.09246124434025045,0.376345768391643,0.05357142857142857,10.08817588429025,4.414493582451466,0.14285714285714285,0.12168370400243926,0.1987158541774194,8,86.84866126936042,1,2,5,2.0,2.68,1.62,50,0.973,0.0032,25,0,0,0,0
22,industrial,metro,time_of_use,aging,dense,Turkey Urban,TR-001,FD-01,38.69291650004779,28.04788589682615,T3,0,none,17.97105362795443,3.7261375792424962,8.638720715599561,26.974578640661182,18.1480312611196,-0.045039170388943915,-0.4438520153442491,431.3052870709062,43.22088921023965,0.10020950474027478,1.0186095710638297,0.0,0.011976047904191617,-17.787516368833636,7,5.511950220609547,0.7935079841989573,0.9887583587170338,0.9457121101193903,0.7197648769671945,0.6662218476400162,0.05357142857142857,56.254685441883304,14.501754000420362,0.2857142857142857,-0.22733164988407137,0.005948195257470812,7,242.37021437505078,0,1,3,1.0,3.03,7.2,50,1.06,0.0,50,1,0,0,0
23,commercial,metro,time_of_use,healthy,dense,Turkey Urban,TR-002,FD-01,41.38271313847803,33.65952412911476,T2,0,none,2.8420337455445823,2.4042875308571476,0.0,7.596474680742911,1.3478915409320296,0.4548756594623462,-1.5152804058511162,68.20880989306998,5.5963108416743665,0.08204674512906998,0.16449959392619048,0.005952380952380952,0.08383233532934131,-0.46964819701348187,10,4.556722774946373,0.8847013861314869,2.1407529331814454,0.6015729694177279,0.14027203238133096,0.37412534909224326,0.05357142857142857,7.278349439161875,4.260306243143602,0.0,0.5273811127618631,0.22276270630635556,9,38.68676106005717,0,2,2,2.0,4.22,1.31,50,0.577,-0.0377,15,0,0,0,0
24,commercial,metro,large_scale,healthy,dense,Turkey Urban,TR-001,FD-01,40.298034133301684,41.94693989546515,T2,0,none,5.085180919049369,4.362112857849047,0.0,13.02880064620986,2.534420353781109,0.4371665204823415,-1.5305139977811684,122.04434205718488,8.026251753547129,0.06576504586446713,0.16588234600902385,0.023809523809523808,0.08383233532934131,-1.6730914010041646,9,8.359790206087684,0.8808191170606686,2.078429477648291,0.6092492222452878,0.13539989790629242,0.39030307188142,0.05357142857142857,11.62447917354116,4.701556501800354,0.2857142857142857,0.224915569730579,0.20168363875295356,2,101.96377528669613,0,2,3,2.0,4.37,2.04,50,1.224,-0.0146,34,1,0,1,0
25,mixed_use,rural,standard,healthy,dispersed,Turkey Urban,TR-002,FD-01,41.598223633821796,33.090929217289,T2,0,none,7.911769341949948,5.36060342023156,0.9378848275596146,17.642601663977427,4.759310502362972,0.6077875483209672,-1.2546583483948395,189.88246420679872,11.263137539445177,0.05931636492027755,0.4932352845307181,0.0,0.10778443113772455,5.113833427566164,18,9.285369956249625,1.0878412982242662,4.177389378640288,1.933481345214422,0.3633811778268877,0.44844686107830056,0.05357142857142857,8.509953908927441,7.763748177151439,0.0,0.7840551486719944,0.1819752303309046,14,89.4252551007807,0,0,7,0.0,3.4,3.65,50,1.051,-0.006,45,0,0,0,0
26,mixed_use,metro,standard,healthy,dense,Turkey Urban,TR-001,FD-01,37.980620113718196,28.158292766097823,T2,0,none,6.325052410398893,4.356659082334445,0.0,15.268369189482465,3.8951862842663756,0.54973430474635,-1.2930133039493146,151.80125784957346,8.28728113993404,0.05459296752073254,0.5223349311333422,0.005952380952380952,0.11976047904191617,3.5785279257571556,18,8.065043134073505,1.0589190008276481,3.8258527669033207,2.1446884644095228,0.31531777072282474,0.4142585450850433,0.05357142857142857,7.472460996369756,6.5233305549520235,0.0,0.9349340910565657,0.17766310887938908,14,90.65714474649647,1,0,7,0.0,4.34,2.53,50,0.919,-0.0145,38,0,0,0,0
27,commercial,rural,standard,aging,dispersed,Turkey Urban,TR-002,FD-01,40.9956692957671,41.73018678098082,T2,0,none,3.5395838977155285,3.211487843989986,0.0,10.262523430106246,1.9078049262843622,0.5238212929425557,-1.343030438483127,84.9500135451727,8.709400335250539,0.10252382513858016,0.15257013753924106,0.08928571428571429,0.08982035928143713,-1.7902333924289724,17,5.840551729512251,0.9260387521891436,2.505611706110839,0.6265395341534279,0.02562951253820941,0.3449038551164453,0.05357142857142857,10.054097048498294,6.197978983896363,0.14285714285714285,-0.4095055836279754,0.1603325982389038,7,59.36255736591853,4,2,3,2.0,4.1,1.63,50,0.719,0.0456,28,1,0,0,0
28,residential,rural,large_scale,healthy,dispersed,Turkey Urban,TR-002,FD-01,36.999936218230246,38.34301337189754,T1,0,none,1.566899157759444,1.5045055049745046,0.0,4.255399497682824,0.6132397659206297,0.6160553932977015,-1.4817027141846992,37.605579786226656,3.6422425062042594,0.09685377877273739,0.5593747700148539,0.017857142857142856,0.16167664670658682,1.2816840353925563,19,2.892727657071351,1.1487154173738985,6.4883372319259465,5.320345833154133,0.1580576513826104,0.3682143486012342,0.05357142857142857,2.857376939144166,2.782447303277531,0.0,0.44797216309808724,0.18184722410349072,3,14.403543584088442,3,1,4,1.0,3.86,0.72,50,0.594,-0.0111,3,0,0,0,0
29,mixed_use,coastal,standard,healthy,clustered,Turkey Urban,TR-001,FD-01,39.7110896519841,41.694853915849656,T2,1,gradual_decrease,6.500233019660646,4.581209895448781,0.3962746242641215,18.061043668188308,4.358741134506458,0.7921406677765411,-0.5985865044755467,156.00559247185555,31.881380137846172,0.20436049522746552,0.5204590984085795,0.0,0.10778443113772455,-15.843624732641,18,7.516710209864961,0.6895334404870024,3.7978164907899727,1.9135502026021431,0.31649568442381876,0.35990351031102097,0.05357142857142857,35.09097921707986,17.64247432390072,0.14285714285714285,-0.6645541118135713,0.09190191427648861,4,149.38754838314185,0,5,3,5.0,3.3,2.6,50,0.944,-0.0205,40,1,0,0,0
30,mixed_use,metro,large_scale,healthy,dense,Turkey Urban,TR-001,FD-01,37.111296393136165,31.84265082809494,T2,0,none,6.352969591977827,4.504122975400636,0.0,14.931933465341837,3.974160938166186,0.6011331186527896,-1.217407497450751,152.4712702074678,13.150306735048753,0.08624776796502476,0.49072043675268956,0.011904761904761904,0.11976047904191617,5.873758101122967,20,8.001079450348616,1.1710275483865744,4.303043873652745,1.8988116159286024,0.32358406721110067,0.4254619539036212,0.05357142857142857,8.508864507519768,7.61652830017804,0.14285714285714285,0.485686567114263,0.18136000982793984,3,101.24799443529267,1,0,7,0.0,4.03,2.54,50,0.923,-0.0086,39,0,0,0,0
31,mixed_use,metro,large_scale,tampered,dense,Turkey Urban,TR-002,FD-01,39.928841767877664,29.31302521568792,T2,0,none,3.9728630029465117,3.13530559777297,0.0,10.874302100107991,2.6305691707647796,0.7216355237690464,-0.8738633701407816,95.34871207071626,11.480619167270897,0.12040665171808637,0.545664679175532,0.023809523809523808,0.08383233532934131,4.153307652770251,17,5.25026551172536,1.2209860209925567,3.78273091502115,2.2559154636346057,0.20871572003210048,0.3653441814214096,0.05357142857142857,8.731876312320285,7.470710113098254,0.0,0.35596765548336495,0.20613977547415474,8,56.13434998004452,2,0,7,0.0,3.15,1.83,50,0.528,0.0179,32,0,1,0,1
32,residential,metro,time_of_use,healthy,dense,Turkey Urban,TR-001,FD-01,39.371624513643155,32.30702240622133,T1,0,none,3.990370385152081,3.780221186235005,0.0,11.128272772726545,1.6570592341795032,0.6228888846102129,-1.4542540716792038,95.76888924364995,13.195757993597741,0.1377875226123584,0.45369416820406255,0.005952380952380952,0.15568862275449102,5.822677225026215,20,7.231647962643423,1.1857427332852537,7.887692088283815,3.8542012656229527,0.14121632287099337,0.358579490551848,0.05357142857142857,11.391400542756239,10.52160558053715,0.0,0.8865378387875469,0.005579707748090738,15,41.85665731919234,2,0,7,0.0,4.47,1.6,50,1.399,-0.0266,23,0,0,0,0
33,commercial,metro,time_of_use,healthy,dense,Turkey Urban,TR-002,FD-01,37.86143056974821,38.229981356293415,T2,0,none,4.177465638427104,3.779547030063408,0.0,11.672019490356615,1.9837009229286044,0.5490005805810755,-1.3987050549265059,100.2591753222505,12.942047547787652,0.1290859166245762,0.17163588469240093,0.02976190476190476,0.08383233532934131,-0.6450583530024603,17,7.121674108170939,0.888089813423909,1.954691208857808,0.5726179195571063,0.12974808653337983,0.35790427169004213,0.05357142857142857,14.597036141130113,11.334261970498229,0.0,0.22257443989402298,0.21610354564260623,13,91.37457342904023,1,0,7,0.0,3.57,1.93,50,0.848,-0.0139,33,0,0,0,0
34,commercial,plateau,time_of_use,healthy,clustered,Turkey Urban,TR-002,FD-01,40.51892418710378,36.672800662195094,T2,0,none,6.231373296867689,5.344187649192158,0.0,16.374790830527942,3.1915585585613893,0.4118332847270543,-1.548318980016038,149.55295912482455,15.903738668819331,0.10634185214939035,0.1455505454070238,0.02976190476190476,0.08383233532934131,-1.170390741849517,10,10.226195505263762,0.862300997274331,2.30636453115874,0.5904364055786643,0.12350892217483962,0.38054674148538814,0.05357142857142857,19.164868609957633,11.818225282687624,0.0,0.6073026410767728,0.19110447882689283,1,122.10517051459702,2,1,5,1.0,3.06,2.87,50,1.265,-0.0139,41,0,0,0,0
35,commercial,coastal,large_scale,aging,clustered,Turkey Urban,TR-001,FD-01,40.6431194634865,41.57113463364448,T2,0,none,4.0827874425127,3.6943707514221833,0.0,11.41920506465227,2.0563234756454447,0.428984463537695,-1.5209513535249333,97.9868986203048,8.34697445507998,0.08518459683648441,0.14350253074371597,0.08928571428571429,0.08383233532934131,0.35628077587645085,9,6.988786884173348,0.909880064996191,2.1019137744575813,0.5732967036010365,0.056779628553087394,0.35753692273864573,0.05357142857142857,10.371574964493739,6.80192824733846,0.0,0.6443094958074056,0.11378338905228978,5,63.3007774477837,1,2,5,2.0,4.71,1.64,50,0.983,0.0509,27,1,0,0,0
36,commercial,coastal,standard,healthy,clustered,Turkey Urban,TR-001,FD-01,39.048766286735784,34.03600164030432,T2,0,none,2.691950513142364,2.371273919292658,0.0,7.055346328588272,1.420127938522586,0.515107047733495,-1.4870722642422087,64.60681231541675,11.456512347215321,0.17732669257090486,0.16253983126933808,0.017857142857142856,0.09580838323353294,-3.6005542569997386,10,4.495449916628141,0.6967926671602201,2.302742482828527,0.6647181347023398,0.12494719090816385,0.3815476071555979,0.05357142857142857,12.815657032954645,4.207875913561828,0.14285714285714285,0.12149246523889361,0.16754102739467228,9,35.64472158105792,1,1,1,1.0,3.78,1.08,50,0.648,-0.0206,9,0,0,0,0
37,residential,rural,large_scale,healthy,dispersed,Turkey Urban,TR-001,FD-01,37.162453310016346,33.11882360207439,T1,0,none,3.106035390921014,2.8863045050630483,0.158541725012432,8.364068363623195,1.2275792407544377,0.6090333484869868,-1.5108168658825578,74.54484938210432,7.856309076438956,0.1053903675506129,0.4384245662983144,0.0,0.16167664670658682,3.469812567724501,18,5.703059497788286,1.1666900156045876,8.294982406337102,3.7643262082732063,0.17759557710644996,0.3713546150239711,0.05357142857142857,6.209932190622593,5.972632027173318,0.0,0.7536257115324609,0.0673803609020003,6,38.76847506833689,2,1,2,1.0,4.26,1.24,50,1.089,-0.0326,15,0,0,0,0
38,residential,plateau,standard,healthy,clustered,Turkey Urban,TR-001,FD-01,39.231877761730814,40.01857090675935,T1,0,none,4.487441880622482,4.078105395090142,0.0,11.728832418669995,1.857755386156341,0.5910704319488588,-1.4820142567559393,107.69860513493958,8.604950299222825,0.07989843775267451,0.44101406322901887,0.005952380952380952,0.15568862275449102,3.671113611832673,21,7.794857354334518,1.1308784687162723,8.125617405690647,3.7344582048495987,0.18854748336360064,0.38259919799462433,0.05357142857142857,6.271068971361473,6.171431990145516,0.0,0.7815690598999964,0.014214824686458422,12,67.50463473843615,1,3,1,3.0,4.02,1.8,50,1.574,-0.0266,30,0,0,0,0
39,industrial,metro,standard,healthy,dense,Turkey Urban,TR-001,FD-01,37.187781554366346,27.486273092413725,T3,0,none,15.942326122195315,2.7505412947884262,9.452580419442263,23.324102309478512,15.980013815633864,0.0006221609687314542,-0.23633780069734955,382.6158269326876,28.456305752571545,0.07437304928014397,1.0653938240875565,0.0,0.023952095808383235,-4.613609393892886,0,3.5565753403886156,0.8706576699528866,0.9762004511089551,1.0901127074260195,0.76629307981903,0.6835129559898002,0.05357142857142857,39.302696142731826,18.275034183139322,0.0,0.3473104415073519,0.0558556315980579,1,178.05281407728103,0,0,7,0.0,3.6,6.39,50,0.94,0.0,49,0,0,0,0
40,residential,rural,time_of_use,healthy,dispersed,Turkey Urban,TR-002,FD-01,40.301385229293444,36.83053531688087,T1,0,none,1.8751774983800704,1.7339493649352113,0.0,5.201957505019964,0.7620767024675039,0.6970946735414667,-1.3582829082296226,45.0042599611217,5.430176601387608,0.12065916881806388,0.5265859298509432,0.005952380952380952,0.16167664670658682,0.5809964716246268,20,3.2531127334055965,0.9419018195839979,6.1184087590337,3.7364026299540307,0.23429486605933517,0.36047535816387266,0.05357142857142857,5.694574846947898,2.9645282344957473,0.2857142857142857,0.23481734330140228,0.0003360596813660788,13,18.081206775101368,1,1,5,1.0,4.02,0.86,50,0.711,-0.023,7,0,0,0,0
41,residential,coastal,large_scale,healthy,clustered,Turkey Urban,TR-001,FD-01,41.64429309444485,30.047603466767864,T1,0,none,1.5296900557001496,1.4448340552336845,0.06555021926209903,4.490780934246081,0.6300726380251127,0.6787685692588663,-1.3998864339729904,36.712561336803596,5.244984332179134,0.14286620545574633,0.5215125805387658,0.0,0.17365269461077845,1.097998333815684,21,2.767610603954525,1.1777610015411102,6.0101973882723385,4.396727207830348,0.17898929221795382,0.34062896291125067,0.05357142857142857,4.622451567758804,4.480120381253846,0.0,-0.011696295167290148,0.09998843509727942,3,20.623059982181942,1,1,4,1.0,2.8,0.61,50,0.536,-0.0326,3,0,1,0,0
42,residential,metro,time_of_use,healthy,dense,Turkey Urban,TR-002,FD-01,40.68044978103975,37.85542982267826,T1,0,none,3.097991158373933,2.9194601478446254,0.0,8.616967442118074,1.170710573190691,0.5884098982987652,-1.4948304574863231,74.3517878009744,5.866506843284293,0.07890202799425343,0.46983046489448255,0.023809523809523808,0.16167664670658682,2.4248041267547484,20,5.4743943602866265,1.0917849415210445,7.955040637941233,5.360173468374666,0.17763696602826048,0.3595222072717053,0.05357142857142857,5.017453950832926,4.689682104510176,0.0,0.930346544716989,0.1492729029623597,2,37.25211981356732,3,0,7,0.0,4.66,1.43,50,1.175,-0.0051,20,1,0,1,1
43,mixed_use,rural,standard,healthy,dispersed,Turkey Urban,TR-002,FD-01,36.98751174547443,38.06961124396699,T2,0,none,5.905076713152745,4.357441168863418,0.0773677447124741,15.128656512785437,3.4682588381639734,0.7158572402526233,-1.0360741966298868,141.72184111566588,24.972798180895797,0.176209947475578,0.5041919915862653,0.0,0.11976047904191617,1.760790199745293,18,7.0602273112783145,1.2233344518176401,3.7281652423569573,1.9060546814984356,0.32711936681300685,0.3903239328792377,0.05357142857142857,22.315031087842875,14.074755730592974,0.2857142857142857,-0.10199977939415754,0.21139930371641535,7,89.82061560524463,3,0,7,0.0,2.24,2.72,50,0.784,-0.006,38,0,0,0,0
44,residential,plateau,time_of_use,healthy,clustered,Turkey Urban,TR-002,FD-01,38.24035291934196,33.974402601687004,T1,1,constant_reduction,1.2156482760104315,1.1446363000612856,0.0,3.291595234364793,0.46930392348582894,0.5917907484262838,-1.500059055410139,29.175558624250353,1.9167109667528455,0.06569577606999928,0.459882838948481,0.011904761904761904,0.16167664670658682,0.8604182943750349,18,2.203397609206911,1.1345015471938726,7.752531768853199,4.236035451882808,0.17831749430622093,0.3693188821109217,0.05357142857142857,1.0204491558597628,0.9685768045265698,0.2857142857142857,0.5841865061759547,0.1369416481235837,2,25.89985853913623,0,9,4,9.0,4.57,0.56,50,0.461,-0.017,2,0,0,0,0
45,residential,metro,standard,aging,dense,Turkey Urban,TR-002,FD-01,38.16022718174142,37.85719903993431,T1,0,none,2.9366682595602662,2.748632862685313,0.0,8.181866811388284,1.451725121276004,0.640545962241536,-1.3401321868676987,70.48003822944641,2.6770696619949903,0.03798337414205152,0.563231443107133,0.017857142857142856,0.1317365269461078,1.0436021055894094,20,5.314159043475744,1.0351744374572551,6.773909902245083,4.014440691470131,0.134922631739416,0.35892398686855886,0.05357142857142857,2.838524689442891,1.3415795654627831,0.2857142857142857,0.5199782511692299,0.14139915572542508,7,29.732365410350624,1,0,7,0.0,3.18,1.35,50,1.114,-0.0111,17,0,0,0,0
46,mixed_use,metro,time_of_use,aging,dense,Turkey Urban,TR-001,FD-01,36.864727920053454,39.96264908479885,T2,1,gradual_decrease,4.070868407129012,2.9208362032308584,0.0,11.113556184457652,2.7638886094812753,0.7207667309035098,-0.7241750315502573,97.70084177109628,19.893028640079244,0.2036116401601799,0.5303416575450032,0.011904761904761904,0.10778443113772455,-9.713009869988221,20,4.834586269311361,0.6676855521954077,3.5779347782172963,1.5957170349198042,0.29695028036767246,0.36629755011804055,0.05357142857142857,21.977315670724455,9.19469162664618,0.14285714285714285,-0.5377140946462077,0.000700735658236864,4,68.04605505784512,0,3,6,3.0,4.55,1.63,50,0.591,-0.0086,26,0,1,1,1
47,residential,metro,standard,healthy,dense,Turkey Urban,TR-002,FD-01,41.38068955536498,40.18009635698148,T1,0,none,3.768251513889775,3.403398488388576,0.0,10.082986015941582,1.530806062807107,0.6016952737244641,-1.4693541486646975,90.4380363333546,5.875227560372821,0.06496412126936382,0.48944931194104746,0.011904761904761904,0.16167664670658682,2.5082130238224862,22,6.3444856561093275,1.0959567855552044,6.9911540412051,4.233202959251594,0.22615572004529105,0.37372376637186533,0.05357142857142857,4.435016163746302,4.1569408061757915,0.0,0.8385214701784229,0.06993200073465985,11,41.53349497169586,0,0,7,0.0,2.91,1.74,50,1.43,-0.017,30,1,0,0,1
48,residential,plateau,standard,aging,clustered,Turkey Urban,TR-002,FD-01,40.665981654768885,30.873178699390312,T1,0,none,2.111519164687367,1.9402589237274686,0.0,5.907843916583983,1.0115128695587163,0.5839335289449594,-1.4133942581337529,50.67645995249679,3.395942390924091,0.06701222605993522,0.5351652398220712,0.017857142857142856,0.1377245508982036,1.2414838732137308,18,3.6849802285943127,1.0903312432434726,6.845798259559933,4.005171156355602,0.12031907149163668,0.35740943581566204,0.05357142857142857,2.683990089696759,2.5005880533362554,0.0,0.43242911923058536,0.05555557277966226,12,32.447396465971885,1,2,6,2.0,2.62,0.97,50,0.801,-0.0111,10,0,0,0,0
49,residential,metro,time_of_use,healthy,dense,Turkey Urban,TR-001,FD-01,40.03009494120193,42.84787243230747,T1,0,none,2.8397100493379086,2.64475092378855,0.121495486208553,7.905630875230342,1.1211717604771647,0.5785240411942493,-1.5190652813928442,68.15304118410981,3.2375419822223304,0.047503998728410934,0.42545439649677785,0.0,0.15568862275449102,1.4031806903507265,18,5.214125273851263,1.0769178819405036,7.999853103559859,4.165527853131516,0.16541288679215,0.35920094051484036,0.05357142857142857,2.2357366580017155,1.9409051972200813,0.2857142857142857,0.737407917109074,0.15762322185177186,9,43.250690621766545,0,0,7,0.0,3.52,1.14,50,0.996,-0.0326,13,0,0,0,0
50,mixed_use,plateau,standard,healthy,clustered,Turkey Urban,TR-002,FD-01,36.88357547866664,29.92426902120322,T2,0,none,9.919818888714733,6.669607673485303,1.6716893178397836,23.75119681705349,5.965090761929485,0.6062910730535627,-1.2573271416098255,238.07565332915357,18.106425568165466,0.07605324322001014,0.4352118541675659,0.0,0.10778443113772455,7.914967800643518,20,12.486209038156918,1.1291305736982464,4.469739791082091,1.5373250445820525,0.356989759819669,0.41765553799022426,0.05357142857142857,12.612783372271192,10.855636893443537,0.2857142857142857,0.7420038951685458,0.03289655805735497,13,165.98351801760577,0,0,7,0.0,3.1,4.57,50,1.318,-0.006,48,0,0,0,0
51,residential,coastal,time_of_use,tampered,clustered,Turkey Urban,TR-002,FD-01,38.45325420676743,34.70983159870734,T1,0,none,3.4348860003259,3.247617264681686,0.0,9.58927846112919,1.6436507890475722,0.6582366349871134,-1.2888698679080455,82.43726400782161,6.268778209830125,0.07604301628053688,0.41751941340206045,0.023809523809523808,0.10778443113772455,2.7109022760932873,20,6.317083430452269,1.0909992697903421,8.003899633218317,3.9936306567819075,0.11391954505876115,0.35820067283137547,0.05357142857142857,5.325512292693916,4.5296038310883455,0.0,0.7577873135837677,0.05292195792654666,9,40.53698414316824,0,0,7,0.0,3.05,1.58,50,1.303,-0.0051,25,0,0,0,0
52,commercial,coastal,standard,healthy,clustered,Turkey Urban,TR-002,FD-01,41.42412188664824,36.76503783276955,T2,0,none,3.2558252420827167,2.940807422249834,0.0,8.60432401151938,1.3940607637203835,0.41306761065457354,-1.606783125595564,78.1398058099852,6.118152935993012,0.07829751906586158,0.12190481832324655,0.03571428571428571,0.08383233532934131,-1.8701433207109694,9,5.656485920870015,0.8421244036370933,2.7633397972181406,0.5491358107582469,0.08833439454560801,0.3783940765061742,0.05357142857142857,8.522828213091744,2.565391037832477,0.2857142857142857,0.09120978387055502,0.13937750126747428,3,70.63120188753625,2,1,4,1.0,4.65,1.5,50,0.661,-0.0079,23,0,0,0,0
53,mixed_use,metro,standard,healthy,dense,Turkey Urban,TR-001,FD-01,40.823356398975164,43.73246078604291,T2,0,none,6.535802867221533,4.656170054905284,0.869806122110532,15.60012525180177,4.135389363132479,0.580392497867992,-1.2687307986364245,156.85926881331676,10.65854222639216,0.06794971254390925,0.4355420837961867,0.0,0.10778443113772455,5.059118044789889,19,8.420153150447561,1.0990729943214552,4.6267003441686,1.786041148537524,0.29783645863763203,0.41895835818863586,0.05357142857142857,8.209574459886937,7.305031593116295,0.0,0.777253556757343,0.12889440421440634,1,98.97396849391968,0,0,7,0.0,2.94,2.62,50,0.949,-0.0205,41,1,0,0,0
54,residential,coastal,large_scale,tampered,clustered,Turkey Urban,TR-002,FD-01,41.28363148867923,37.26359734290399,T1,0,none,2.2811999500961258,2.2040133238980415,0.0,6.431869654439224,1.032135109171966,0.6495500509850886,-1.366864031947725,54.74879880230703,5.669589568731308,0.1035564193502787,0.4545242273657253,0.023809523809523808,0.1497005988023952,1.714923711709899,18,4.179797384538696,1.173066829789843,7.432438196041926,4.858705081724169,0.10594706677702896,0.3546713582690449,0.05357142857142857,4.354880289218556,4.2079681765200325,0.0,0.13331097642124137,0.06014425105298137,13,36.91625252211925,0,1,3,1.0,4.47,1.05,50,0.865,-0.0051,12,0,0,0,0
55,residential,coastal,time_of_use,healthy,clustered,Turkey Urban,TR-002,FD-01,38.73088182416368,37.44834623422546,T1,0,none,2.890088569878646,2.6766020698827133,0.0,7.709450714183654,1.1301211995111697,0.5833925474962088,-1.5173144142261323,69.3621256770875,4.3313369864801485,0.06244527461600666,0.4776902196205092,0.005952380952380952,0.16167664670658682,1.991901026724948,21,5.217536885533731,1.1228866200930756,7.520583978043124,4.227904951471226,0.1938494967936842,0.37487606747556906,0.05357142857142857,2.407239782354706,2.2800854073128756,0.2857142857142857,0.6241608037849501,0.07807378861365892,14,25.314939662859153,0,0,7,0.0,4.45,1.33,50,1.097,-0.023,16,1,0,0,1
56,mixed_use,plateau,standard,healthy,clustered,Turkey Urban,TR-002,FD-01,39.90003788899731,32.73201744155896,T2,1,gradual_decrease,4.864404641171298,3.5631075893377115,0.0,13.33474797859259,2.979350653974633,0.7306714388985093,-0.8530400751498473,116.74571138811113,21.79087575869152,0.18665247312068786,0.4764475424344495,0.005952380952380952,0.10778443113772455,-10.730916073891807,17,6.011189592185081,0.7221843248282314,4.21921198220953,1.9716209747876754,0.3137784222107782,0.3647916440065178,0.05357142857142857,24.19949115213084,11.946726416434908,0.14285714285714285,-0.6481296987402565,0.21220837103908308,11,101.10294673143477,0,4,5,4.0,3.67,2.24,50,0.646,0.0,35,0,0,0,0
57,mixed_use,metro,time_of_use,healthy,dense,Turkey Urban,TR-001,FD-01,37.74424245112733,34.962160546997254,T2,1,night_zeroing,4.364859267611616,3.8344812078854966,5.7364510739115193e-05,11.170887802249107,2.5825608926604566,0.3649680128459233,-1.4321173307381347,104.75662242267877,5.2233145667265415,0.049861425897759104,0.0023127806938698127,0.09523809523809523,0.1437125748502994,2.4456856135581497,17,7.267651592445137,1.0901295493884122,816.2327174794497,1.6025902281460291,0.002423698058453754,0.39073521648167103,0.05357142857142857,3.13210346340418,3.0342415396378057,0.2857142857142857,0.7269581199556955,0.0609902955294656,7,67.19927638420249,0,5,1,5.0,4.38,1.75,50,0.634,0.0748,29,0,0,0,0
58,commercial,coastal,standard,healthy,clustered,Turkey Urban,TR-001,FD-01,41.70423547542756,39.20604952700967,T2,0,none,3.3169774440861013,2.8367023785554473,0.0,7.9096447903179365,1.5548620112642002,0.3684315480086914,-1.7069282481271626,79.60745865806643,7.7433072208038505,0.0972686146544455,0.144682012943201,0.011904761904761904,0.08383233532934131,-2.4817501310215477,10,5.6359543054548205,0.8069730405001275,2.373937245627476,0.500296052383696,0.14545137973537095,0.41935858408619964,0.05357142857142857,10.099217081842207,3.389186269131034,0.2857142857142857,0.0050919505893494525,0.006094266945848927,1,47.6563186924492,0,2,6,2.0,3.16,1.33,50,0.798,-0.0265,18,0,0,0,0
59,residential,plateau,time_of_use,healthy,clustered,Turkey Urban,TR-002,FD-01,39.53724160911513,34.495797669037444,T1,0,none,3.1204895567749174,2.831573972372712,0.2169512565731292,8.277407846031062,1.3342863013437838,0.6419999364790209,-1.4302873532753242,74.89174936259802,7.3153396376753665,0.09767884578687597,0.5145841062724503,0.0,0.15568862275449102,2.7737511338481093,21,5.35982644930134,1.1429057252258616,6.853657842401726,3.496532477546212,0.20846798776712452,0.3769887398385564,0.05357142857142857,5.89368354316986,5.197532767975403,0.0,0.4397429485695292,0.01854161148451965,2,33.708458198871284,1,2,3,2.0,3.62,1.44,50,1.184,-0.0289,22,0,0,0,0
60,residential,plateau,time_of_use,healthy,clustered,Turkey Urban,TR-002,FD-01,39.60350755344912,39.739108594641756,T1,0,none,4.219285487366134,3.88630947161792,0.0,11.349039766221592,1.8265823882708059,0.6024320858134671,-1.4556378804857344,101.26285169678722,7.27555500379157,0.07184821364559617,0.46091643284566547,0.011904761904761904,0.1317365269461078,3.5603273568536644,21,7.572376601630973,1.140864274402814,8.221069419323745,4.6192791938232265,0.18396723827128453,0.37177466733408965,0.05357142857142857,4.388154195185367,3.5822368011832544,0.14285714285714285,0.5867978797015115,0.1861886805247893,3,60.05828860727741,0,0,7,0.0,2.59,1.95,50,1.601,-0.017,34,0,0,0,0
61,commercial,coastal,large_scale,healthy,clustered,Turkey Urban,TR-002,FD-01,38.8858729340353,33.14373412789142,T2,0,none,3.002928254173358,2.5204151955990906,0.0,7.615634234467031,1.5450589416029363,0.3679541158774909,-1.6225718205610624,72.0702781001606,7.061540397075587,0.09798131188396285,0.1573448067661694,0.05357142857142857,0.08383233532934131,-2.2769942810020445,9,4.886048243216378,0.8168336125607144,2.0570291345956195,0.5567784861470809,0.1468043057893891,0.3943109868170296,0.05357142857142857,9.102064904364717,3.839003708538062,0.2857142857142857,-0.13676219081301136,0.1264310401178548,10,62.50196487215078,0,2,6,2.0,3.05,1.38,50,0.61,0.0099,18,0,0,0,0
62,residential,metro,large_scale,healthy,dense,Turkey Urban,TR-001,FD-01,39.13713651811547,31.794954699741666,T1,0,none,2.481598972360809,2.3953799704154872,0.0,6.732121849362503,0.956983318317928,0.5953946600814783,-1.4800400906328333,59.558375336659424,4.7188604136210515,0.0792308451356326,0.4464419337552988,0.017857142857142856,0.16167664670658682,2.2412753579818636,19,4.474466854698481,1.1270291873176377,8.934918298675242,5.145416901345085,0.1508320623419628,0.3686206257406938,0.05357142857142857,3.5077746983273994,3.3243871833265453,0.0,0.8204063571244781,0.23940599741079888,2,30.75554826854217,0,0,7,0.0,4.5,0.99,50,0.87,-0.0147,7,0,0,0,0
63,commercial,metro,time_of_use,healthy,dense,Turkey Urban,TR-002,FD-01,39.315295133262886,33.039020201376395,T2,0,none,5.7703668960619545,5.299678727889422,0.0,16.20200828104166,2.5698922099171666,0.4935336420735794,-1.4991533760086466,138.4888055054869,15.074860601088396,0.10885255703503491,0.15336663824688934,0.02976190476190476,0.08383233532934131,-1.512469075903361,9,9.79981741531917,0.8998071016300702,2.5623638186296174,0.507660902534819,0.07402182967487014,0.35615133583485936,0.05357142857142857,17.56370444640809,11.421206099927646,0.0,0.10671662261855605,0.20233443765251427,12,89.46395746083833,1,1,3,1.0,3.08,2.66,50,1.172,-0.0139,37,0,1,1,1
64,residential,plateau,time_of_use,healthy,clustered,Turkey Urban,TR-001,FD-01,40.58642244180916,36.897796589199785,T1,0,none,2.833392607860883,2.6265528836393583,0.022333905602257453,7.84476689381369,1.0797397052425612,0.6055507815448948,-1.4671020866765732,68.0014225886612,4.1345062518455205,0.06080029055049387,0.48158980492680936,0.0,0.16167664670658682,1.9307778466267564,18,4.959476803221362,1.114561549739758,7.159818703877938,4.066955939590124,0.21037677775139696,0.36118251091481696,0.05357142857142857,2.4589625550653915,2.6157869960301534,0.0,0.6845932639192813,0.04053346074051714,10,31.24489948180564,0,0,7,0.0,3.15,1.13,50,0.994,-0.0326,12,0,1,1,0
65,commercial,coastal,standard,healthy,clustered,Turkey Urban,TR-002,FD-01,39.08112747341381,35.935971541120466,T2,1,tamper_spikes,5.9224674963513095,5.535515098646442,0.0,16.103751893382874,2.7279790404263995,0.49919075024179316,-1.5535080745847527,142.13921991243143,12.26276193947522,0.08627289460408806,0.13877629967316116,0.047619047619047616,0.1317365269461078,-2.1086833916628356,17,10.733174983060675,0.9106147051586464,2.3694280494437,0.5759159199915507,0.07134605242706771,0.36776941993916284,0.05357142857142857,15.009361963913118,8.600748545198117,0.0,-0.0051833488204661386,0.12405212375986066,11,113.63421972842718,0,11,6,11.0,3.25,2.73,50,1.203,0.004,39,0,0,0,0
66,residential,plateau,time_of_use,healthy,clustered,Turkey Urban,TR-002,FD-01,37.58709195303615,32.281107213857766,T1,0,none,1.672831157890971,1.5748230224407258,0.0,4.558692468415111,0.6260496025385548,0.6063942576958189,-1.4939975788820494,40.1479477893833,2.691304457582704,0.06703467063948021,0.47015777395961106,0.005952380952380952,0.15568862275449102,1.2244928459658053,22,3.028386765704125,1.1160207528937796,7.80687411103754,4.292332137245559,0.18913439376653482,0.3669541575378545,0.05357142857142857,1.817307001000807,1.84818963805908,0.0,0.7582687350611022,0.08558598032141358,9,22.005929137867813,1,0,7,0.0,4.24,0.77,50,0.635,-0.023,5,0,0,0,0
67,residential,metro,standard,aging,dense,Turkey Urban,TR-001,FD-01,40.71917699525555,34.04412171520874,T1,0,none,2.4261449994999658,2.2396258953328627,0.0,6.517743908148969,1.1237690400900182,0.5694955973793473,-1.4495177165865605,58.22747998799918,4.121294758142269,0.07077920525298166,0.5118692960170232,0.023809523809523808,0.1497005988023952,1.8387436289705557,20,4.198658795350129,1.115360210738083,7.177737810156456,4.061647211230654,0.09918256399910427,0.3722369319764542,0.05357142857142857,2.9595017101646612,2.7832090014260547,0.0,0.7339620705415749,0.22095828497641753,2,23.777996602440645,0,3,3,3.0,3.95,0.97,50,0.851,-0.0088,6,0,0,0,0
68,commercial,coastal,time_of_use,healthy,clustered,Turkey Urban,TR-001,FD-01,39.493264956393695,28.367006962781065,T2,0,none,5.404820321937212,4.629468673885866,0.0,14.343982936017113,2.5844626947880243,0.44629813746594316,-1.5432464953962688,129.7156877264931,10.976393454404242,0.08461885872048025,0.14693165710086328,0.011904761904761904,0.08383233532934131,-3.321235086731205,10,8.681042751664783,0.8456832282878239,2.3990123570434796,0.5836684767714989,0.15620336656042974,0.3768005262051685,0.05357142857142857,14.700948465904569,6.842149734508602,0.14285714285714285,0.051239106912441434,0.175508908443818,11,115.2817057175219,0,2,1,2.0,3.25,2.16,50,1.301,-0.0265,36,1,0,0,0
69,residential,metro,standard,aging,dense,Turkey Urban,TR-002,FD-01,40.68816387592691,37.187715454390016,T1,0,none,3.085558104922807,2.821631310954447,0.0,8.200072878625374,1.3806444594347296,0.5486163730451018,-1.5274176582604266,74.05339451814737,3.2359628256899984,0.04369769740210928,0.46971140407227535,0.017857142857142856,0.15568862275449102,1.4223194095776868,19,5.466507070157689,1.0615705176254617,7.2391865830057,4.605876758145078,0.12245173766069625,0.37628422903446374,0.05357142857142857,2.5716416770106694,1.777763402522256,0.14285714285714285,0.5226225391380991,0.15833729128325974,1,33.11428188839939,0,2,3,2.0,2.5,1.42,50,1.171,-0.0111,19,0,0,0,0
70,residential,metro,time_of_use,tampered,dense,Turkey Urban,TR-002,FD-01,40.40548668097319,41.4673390241054,T1,0,none,1.6892001039939122,1.6845846835136054,0.0,5.203796672063058,0.7076974189943124,0.6954285545540793,-1.3019481808723388,40.54080249585389,3.368798580241352,0.08309649469210469,0.412613979905984,0.041666666666666664,0.15568862275449102,0.9870439684744191,20,3.307628839602004,1.0912598027839568,7.883996385570048,4.9071830079976655,0.08784164251093926,0.32460916657570577,0.05357142857142857,2.850976847133659,2.146531381904969,0.14285714285714285,0.5760102875566604,0.09306251953444833,1,25.107643502026004,0,0,7,0.0,3.45,0.78,50,0.641,0.0128,6,0,1,1,0
71,residential,rural,time_of_use,healthy,dispersed,Turkey Urban,TR-001,FD-01,38.91673282300336,43.5010416304251,T1,0,none,3.7740980933265424,3.3890741892432064,0.18430179445909844,9.968517501995109,1.5329296248286068,0.5771034322484553,-1.5255273909386493,90.57835423983703,5.764756616277553,0.06364386573393638,0.5091436508599304,0.0,0.1497005988023952,2.8085987513558908,22,6.601870361244933,1.1159664893317962,6.684546810609582,4.0041104091205675,0.18954290793422365,0.3786017418121775,0.05357142857142857,3.6367841317827616,3.2699607895561313,0.2857142857142857,0.7135488524419119,0.1279293559108487,4,34.5390534010077,0,1,4,1.0,2.13,1.51,50,1.323,-0.0326,22,0,1,1,0
72,mixed_use,metro,time_of_use,healthy,dense,Turkey Urban,TR-001,FD-01,38.17509449121535,43.764897482005,T2,0,none,5.820805030465475,4.0224651516106125,0.0,14.731219732907805,3.578855856990443,0.5728100117697469,-1.2296267308119033,139.69932073117138,7.86004991340652,0.05626405247860344,0.48353881890021483,0.017857142857142856,0.11377245508982035,3.036710832742283,22,6.8543077350693755,1.085065016409315,4.1406369992332985,1.844434426889954,0.32931752550379323,0.3951339489907373,0.05357142857142857,5.723647404867038,5.337385945277232,0.14285714285714285,0.7441606427999251,0.14553784940850698,6,65.44185960968612,1,1,1,1.0,3.71,2.33,50,0.845,-0.0026,37,0,0,0,0
73,residential,rural,time_of_use,healthy,dispersed,Turkey Urban,TR-001,FD-01,41.753173682734065,28.130729339310477,T1,0,none,3.757577338934824,3.539816093475223,0.0,9.998137199611202,1.529882661584824,0.5664626818812893,-1.528841865538466,90.18185613443578,5.88696277224665,0.06527879358369001,0.472752849229588,0.023809523809523808,0.16167664670658682,2.188552667621596,18,6.655715036907895,1.0711989446178918,7.995379137705332,5.090882734749336,0.1597433724680506,0.3758277427241814,0.05357142857142857,5.073551372311699,4.256795469330959,0.0,0.8933614617074715,0.07241407797944442,10,47.75626087098716,2,3,5,3.0,2.67,1.51,50,1.318,-0.0088,21,0,0,0,0
74,residential,metro,time_of_use,aging,dense,Turkey Urban,TR-001,FD-01,39.69672215484548,39.45257762254414,T1,0,none,3.1621986308414485,3.0036784650055286,0.0,8.792856125627035,1.3699365706024862,0.5457322461185654,-1.515603543321176,75.89276714019476,6.085493289429253,0.08018541842578784,0.5086460729101474,0.041666666666666664,0.16167664670658682,2.18869193717782,21,5.785277556564416,1.072955544150915,7.223342650997906,6.151442553845037,0.10028595982967897,0.3596327043301438,0.05357142857142857,5.54724497941952,4.688460925084102,0.0,0.836563226838194,0.14718140688564238,11,42.82061969339119,1,3,5,3.0,3.78,1.27,50,1.109,0.0091,16,0,1,0,0
75,residential,coastal,standard,healthy,clustered,Turkey Urban,TR-002,FD-01,41.57608446445337,27.9898521878429,T1,1,random_zeros,2.681517239164557,3.250078766275763,0.0,9.591825885776094,1.1696861696347567,0.9774349899425471,-0.819287307575419,64.35641373994936,14.493522719697168,0.22520712195074066,0.5325900671114246,0.26785714285714285,0.16167664670658682,4.883119100168545,21,6.537644182877087,1.42467787647549,6.644694693005336,5.196501074358368,0.0,0.2795627514825309,0.05357142857142857,12.308642521777568,10.235098387909641,0.0,0.509595478146589,0.054502000174338705,5,44.40643665851386,0,5,6,5.0,3.44,1.24,50,1.017,0.2389,13,0,0,0,0
76,commercial,metro,standard,healthy,dense,Turkey Urban,TR-001,FD-01,39.99360721844455,29.779765289393744,T2,0,none,2.780997709563868,2.558622493457656,0.0,7.284342530755557,1.2273587572582574,0.4988837336326572,-1.5750806313199752,66.74394502953284,8.906155248041458,0.13343765105233574,0.1357537056916491,0.03571428571428571,0.09580838323353294,-2.0555471084612233,10,4.928386163720574,0.905701004929296,2.7207135943540806,0.5694662907017045,0.11448135267731839,0.3817774485486254,0.05357142857142857,9.870387175445012,5.490524964410535,0.2857142857142857,-0.21642255152712533,0.11552037788300389,5,54.92718957030119,1,0,7,0.0,4.35,1.11,50,0.669,-0.0027,10,0,1,1,1
77,residential,metro,time_of_use,healthy,dense,Turkey Urban,TR-002,FD-01,41.69594301614147,33.43671447050505,T1,0,none,1.5752370879715107,1.4680632491893184,0.0,4.409652374202196,0.5931181296420208,0.5787115118452345,-1.5305150856594214,37.80569011131626,2.303962297007812,0.06094220974711825,0.47630925664119644,0.017857142857142856,0.15568862275449102,1.126599828382189,21,2.839560786600957,1.109899842699553,7.731976581460235,4.82886809287382,0.18030460716157076,0.3572247766320261,0.05357142857142857,1.4554923738763095,1.357761810804473,0.14285714285714285,0.7131243101830083,0.12587830188501128,1,22.732760757542515,0,0,7,0.0,3.57,0.73,50,0.598,-0.0111,4,1,0,0,1
78,residential,metro,time_of_use,healthy,dense,Turkey Urban,TR-001,FD-01,37.464413932129446,33.42554197623319,T1,0,none,4.006423440797461,3.648597129280449,0.0,10.933157159619638,1.671462806601928,0.5976080536960017,-1.4812369668957877,96.15416257913907,8.482129390323298,0.08821385535399985,0.4565893867868474,0.005952380952380952,0.16167664670658682,3.4965107426289355,19,6.919940677795022,1.1085542297837778,7.2902854574994205,4.120211126608785,0.20139953104977432,0.3664470727568296,0.05357142857142857,7.1111440681302645,6.37312501484066,0.0,0.8983049905615049,0.011813682332416873,15,41.52632079337536,0,0,7,0.0,2.98,1.6,50,1.405,-0.0266,24,0,0,0,0
79,residential,metro,time_of_use,aging,dense,Turkey Urban,TR-002,FD-01,40.97685958709726,26.70857568776297,T1,0,none,2.2493744435559853,2.030796194282907,0.0,6.287771324730294,1.097100158059553,0.667721122302456,-1.3098620098619198,53.984986645343646,6.302671771602154,0.11674860293733703,0.5224377797187022,0.023809523809523808,0.15568862275449102,0.35134627064319446,20,3.848121167601971,0.9421142101242236,5.804564921281635,3.935694058205967,0.1822979595137044,0.35773795257655777,0.05357142857142857,6.660698485678105,3.75363734408371,0.14285714285714285,0.1347192999922297,0.13295385424852665,11,35.731957202224635,1,1,1,1.0,2.29,1.04,50,0.853,-0.0051,11,0,1,1,0
80,residential,plateau,time_of_use,healthy,clustered,Turkey Urban,TR-002,FD-01,38.72727106976834,42.2786681923494,T1,0,none,3.736864894836724,3.520369112895259,0.0,10.950320139999118,1.4970257099548996,0.6676481246846655,-1.3970404624604302,89.68475747608137,12.383251529361248,0.13807531933487213,0.5142403298722626,0.005952380952380952,0.16167664670658682,5.207178306566754,19,6.577309146446927,1.204960570125593,6.568759065442873,4.426375690571162,0.2030020507595914,0.34125622298239605,0.05357142857142857,10.443716379884057,9.910865403428483,0.0,0.7550297830158806,0.07738762375304988,10,53.89165382975663,1,0,7,0.0,3.27,1.72,50,1.418,-0.023,29,0,1,1,0
81,commercial,metro,time_of_use,aging,dense,Turkey Urban,TR-002,FD-01,38.29438603943397,39.704160809461634,T2,0,none,6.312478695913331,5.516036432665544,0.0,16.993972404262905,3.543849365110421,0.44208402626122767,-1.4129343633198261,151.4994887019199,13.602390451916216,0.08978505846829296,0.16451473223198498,0.06547619047619048,0.07784431137724551,-4.290484777590942,9,10.37209471276483,0.8304650382661316,1.8735483060675744,0.6135492739310969,0.06203060783943286,0.3714539803898539,0.05357142857142857,18.009384732480346,7.8145848723144615,0.14285714285714285,0.012043526513850716,0.20854402251525178,9,112.47070635902041,0,0,7,0.0,3.53,2.91,50,1.282,0.0218,42,1,0,1,0
82,mixed_use,plateau,standard,healthy,clustered,Turkey Urban,TR-002,FD-01,40.55570527353992,29.66383421266147,T2,0,none,8.41477874668334,6.13721260619611,0.0,19.786376440404823,4.984809840090483,0.5623446490329163,-1.295352766375174,201.9546899204001,16.341344685907707,0.08091589599399471,0.49074676829863845,0.005952380952380952,0.10179640718562874,3.805224778469567,19,10.903828315608104,1.1376346371746553,4.204689763278223,1.5903135785731641,0.2667171818861073,0.4252814439154763,0.05357142857142857,11.47959733064251,9.34948508929335,0.2857142857142857,0.22274205152108445,0.1444739193521365,1,96.63220095552549,2,1,3,1.0,3.41,3.88,50,1.118,0.0,46,0,0,0,0
83,mixed_use,coastal,standard,aging,clustered,Turkey Urban,TR-001,FD-01,39.936985982733894,29.943709560695368,T2,0,none,9.214626665252885,6.93187821633335,0.0,24.528896456538316,5.797511135728178,0.6051826851905344,-1.1046153172859594,221.15103996606925,8.812277712526523,0.039847326575900795,0.4562616835918583,0.017857142857142856,0.08383233532934131,3.023296453292236,19,12.215349321728091,1.0546775466600038,4.540389936475385,2.2138601724687184,0.22555104253625946,0.3756641346594307,0.05357142857142857,7.544121133873695,6.3289813590418245,0.0,0.5870886067448814,0.2258724182605066,13,117.33118142722415,0,3,3,3.0,3.87,3.69,50,1.338,-0.0026,46,0,0,0,0
84,mixed_use,metro,large_scale,healthy,dense,Turkey Urban,TR-002,FD-01,39.12998069622115,32.93235009471671,T2,0,none,6.375702765877455,4.621694689968738,0.0,15.826402490377044,3.912658301570878,0.6490133776891392,-1.1065222928200755,153.01686638105892,18.679697526998524,0.12207606891687083,0.5123738042782037,0.005952380952380952,0.10778443113772455,7.684051021045131,21,7.064985666034728,1.1877998284883395,3.9671166537284384,2.119779913099165,0.31188205852311546,0.4028523074479852,0.05357142857142857,15.30284517635491,13.8212530473731,0.0,0.5574553692744637,0.19408730038265792,14,101.70672025813899,1,0,7,0.0,2.12,2.94,50,0.847,0.0,43,0,0,0,0
85,residential,metro,time_of_use,aging,dense,Turkey Urban,TR-002,FD-01,38.25889919131034,37.10336909301709,T1,0,none,2.7354872546201996,2.487374137571354,0.0,7.7139046607985255,1.2440281206646868,0.5928187445901506,-1.4130917364737885,65.65169411088479,4.7258964213382075,0.07198437884384813,0.5528899957662031,0.023809523809523808,0.1437125748502994,2.044195003330558,21,4.759446468105137,1.126056893908918,6.601916330202123,3.879520935204327,0.1644279560566494,0.3546177158470158,0.05357142857142857,3.1586449135791326,2.981363260896071,0.14285714285714285,0.7428457286472356,0.03829124815097357,1,33.68985070773484,0,1,6,1.0,3.77,1.26,50,1.038,-0.0051,14,1,0,0,1
86,mixed_use,metro,time_of_use,aging,dense,Turkey Urban,TR-001,FD-01,37.19352121065757,38.48709346177556,T2,0,none,8.906637997451304,6.2546565575513835,0.0,22.513244480610712,5.914552615011406,0.520725029816285,-1.170670074446693,213.75931193883125,21.090106930319028,0.09866286870986693,0.47908829616322757,0.017857142857142856,0.08383233532934131,7.859042574851159,21,10.68193765985231,1.1170417590305068,4.214077472124563,1.6599009680045163,0.2609268955221512,0.39561769966856053,0.05357142857142857,18.216935768812196,18.507149627305832,0.14285714285714285,0.7699190139735475,0.04902909744587357,10,130.88726177667118,3,0,7,0.0,4.26,3.57,50,1.294,-0.0026,45,0,1,0,1
87,residential,metro,time_of_use,aging,dense,Turkey Urban,TR-002,FD-01,40.097273220414564,38.34996529232558,T1,1,peak_clipping,0.6237693817387517,0.3250557718573308,0.0,0.9493053931637121,0.7316484971183099,-0.6426056317832683,-0.9791831507641753,14.970465161730038,0.8724756464778102,0.058279795348335446,0.7982006208190745,0.07142857142857142,0.0718562874251497,0.06214134272716582,7,0.5450372717087701,1.071200037212848,2.201343505568834,1.8463954992006768,0.09802690349098561,0.6570797760762137,0.05357142857142857,0.7329307627967178,0.6404016119158348,0.0,-0.311989063906259,0.22706664815557748,9,26.523549707758985,1,7,3,7.0,2.48,0.29,50,0.237,0.0425,1,0,0,0,0
88,residential,metro,time_of_use,healthy,dense,Turkey Urban,TR-001,FD-01,39.41521962662569,27.434760419346052,T1,0,none,3.2639320554954914,2.989266066914397,0.0,8.608011997542322,1.351529964766741,0.5610126886353078,-1.5517891490998752,78.33436933189179,5.076773606221032,0.06480901868327248,0.5184033106909464,0.011904761904761904,0.16167664670658682,2.3944101557125346,19,5.936646281969696,1.1284999480744002,6.622544679308459,5.079731513238965,0.18776676601899542,0.37917373403239224,0.05357142857142857,2.863951519440053,2.839844754820274,0.2857142857142857,0.6362124340553079,0.196158535332362,8,41.27804587874643,0,1,2,1.0,2.97,1.31,50,1.145,-0.0207,17,0,1,1,0
89,residential,metro,time_of_use,aging,dense,Turkey Urban,TR-001,FD-01,39.74125116716419,37.047176600262645,T1,0,none,3.058812160875892,2.8380391010151835,0.0,8.806127785424897,1.3576176513484304,0.5515043112217338,-1.4699707577191181,73.4114918610214,4.757288719851694,0.06480305192829892,0.4803218047345046,0.06547619047619048,0.1317365269461078,2.211885758840526,19,5.524567957790198,1.1351761181222522,7.720610179824764,4.82997510880975,0.11650555210410701,0.34735041688414464,0.05357142857142857,2.439173912662062,2.479902827528503,0.14285714285714285,0.5175398613952077,0.08166445207562643,10,42.59279617378497,1,1,2,1.0,3.68,1.23,50,1.073,0.0329,14,1,0,0,1
90,industrial,metro,time_of_use,healthy,dense,Turkey Urban,TR-002,FD-01,38.50496854635996,38.431861382193695,T3,0,none,16.270751024809396,2.602038965083066,10.751867794139233,22.194115330586698,16.584313733793003,0.004431636682035437,-0.7715785531274384,390.4980245954256,28.388096736102494,0.07269715836536415,1.003117151050149,0.0,0.017964071856287425,-5.02694519465195,9,4.0318500652023594,0.8737302886015577,0.9987574509496323,1.011328959109846,0.7819964686580018,0.7331110420542349,0.05357142857142857,39.503692536964614,18.17856528789549,0.0,0.37370700538202917,0.002878316493221941,3,153.31341877853663,0,2,3,2.0,2.32,7.5,50,1.0,0.0,50,0,0,0,0
91,commercial,metro,large_scale,aging,dense,Turkey Urban,TR-002,FD-01,38.13135124545712,37.99601466582615,T2,0,none,6.0333201338137625,5.193566907540096,0.0,15.616287792305975,3.1361818314419345,0.375031443116148,-1.575222948932196,144.79968321153032,10.018480552845501,0.06918855297161208,0.155895118774524,0.06547619047619048,0.08982035928143713,-2.18272057150994,9,9.673312183087152,0.878536533819466,1.9730188089765477,0.5343112769189206,0.07313324358320501,0.38634790868306446,0.05357142857142857,14.185656930123622,6.440060197233935,0.0,0.2806163283140953,0.08318866307337919,8,128.1388039484845,0,0,7,0.0,2.2,2.78,50,1.225,0.0218,40,0,0,0,0
92,mixed_use,rural,large_scale,aging,dispersed,Turkey Urban,TR-001,FD-01,38.31070148920993,38.83356040217412,T2,1,tamper_spikes,7.114119986529344,5.333750478283089,0.0,19.93038018286602,4.638899059726187,0.5613465976565362,-1.0878989495613922,170.73887967670427,7.571082341009549,0.044343048021060205,0.4561538375702888,0.005952380952380952,0.08383233532934131,2.6625213957280462,22,9.339882985548732,1.0302101911059378,4.593112743440555,1.8916245541139622,0.17046623618063664,0.3569485337302199,0.05357142857142857,8.127906301657415,5.917802564754198,0.0,0.7089717328317428,0.15771459273624386,8,114.16223853639599,1,5,6,5.0,3.3,2.85,50,1.033,-0.0145,42,0,0,0,0
93,residential,metro,standard,tampered,dense,Turkey Urban,TR-001,FD-01,39.72573222111985,31.632923869116123,T1,0,none,2.3911971331884883,2.313697122259618,0.0,6.875460759507084,1.061005752212496,0.6109505688026222,-1.422306835739797,57.3887311965237,3.6471389325065737,0.06355148224799893,0.4825251169989416,0.02976190476190476,0.1317365269461078,1.4444502447915268,19,4.493378368023341,1.11453890729011,6.9023842126641854,5.658085579386246,0.11222280933982606,0.34778718304866685,0.05357142857142857,2.2464619730780497,1.7346287325634082,0.2857142857142857,0.5581940907157936,0.21482460529531483,3,27.185558545462975,1,1,3,1.0,4.07,0.96,50,0.839,-0.0028,5,0,0,0,0
94,residential,metro,standard,healthy,dense,Turkey Urban,TR-001,FD-01,37.940448015249565,41.18168704146787,T1,0,none,1.875419120348631,1.8007851606293384,0.0,5.256243312604816,0.7756397473897261,0.7070231601203468,-1.3319242948574888,45.01005888836715,8.61482915627944,0.19139786454693938,0.47021004161105484,0.02976190476190476,0.16167664670658682,1.7765916353463032,19,3.4388311183866316,1.2208935911012564,6.697685877539393,4.3592975139512316,0.18873586970678832,0.35679838341639725,0.05357142857142857,7.868479055185253,7.475425668959422,0.0,-0.01851989770088285,0.20760614132031416,10,18.050986563929143,2,0,7,0.0,3.62,0.75,50,0.658,-0.0028,4,0,0,0,0
95,mixed_use,metro,standard,aging,dense,Turkey Urban,TR-001,FD-01,38.87506147579374,37.238125247056146,T2,0,none,9.334598030743358,6.821104308173233,0.0,25.867806177729303,5.950490679506938,0.5852245122889592,-1.1097529294183273,224.03035273784062,31.775737093325503,0.14183674981349947,0.4430567695890681,0.023809523809523808,0.08982035928143713,11.712619386583828,17,11.991862433006382,1.2062351057638578,3.8990186286839563,1.762465597021269,0.25297865630049177,0.3608577381088982,0.05357142857142857,26.99386917549635,25.292038345678282,0.0,0.5507860583482372,0.18765951296058697,6,151.05836734824706,1,1,4,1.0,4.08,3.74,50,1.356,0.0033,47,1,0,0,0
96,residential,coastal,time_of_use,tampered,clustered,Turkey Urban,TR-002,FD-01,41.44418228137274,29.28135270652317,T1,0,none,3.5160812745461953,3.360578949121677,0.0,10.595711404264316,1.637966948178841,0.6754467803995008,-1.2957079382194032,84.3859505891087,12.937607347394405,0.15331470766806832,0.552450685248679,0.041666666666666664,0.11976047904191617,5.2754220003845536,21,6.422621231284552,1.1589116059071645,7.081146948823177,3.9492429828098476,0.09515808663401379,0.33184003764133513,0.05357142857142857,11.816092866197948,10.181389252437757,0.0,0.7995304513885493,0.04683748605674561,11,50.22802549848248,1,2,6,2.0,2.83,1.62,50,1.334,0.0128,27,0,1,0,0
97,residential,metro,time_of_use,healthy,dense,Turkey Urban,TR-001,FD-01,38.61238600665296,38.85273180966993,T1,1,random_zeros,2.5752074300028256,3.470066108770919,0.0,10.450995497588448,0.9083330273606389,1.1120112349044944,-0.5518069625267699,61.80497832006781,14.989241074496563,0.2425248172476807,0.5154581223626507,0.3392857142857143,0.18562874251497005,0.046518816777918116,22,6.37276930787228,1.0852441204656569,6.2806610133469984,7.842494158829512,0.0,0.24640785924488937,0.05357142857142857,14.306329595525966,7.4662468981070145,0.14285714285714285,-0.2702339647582275,0.20212114299943784,5,59.723606492334916,0,8,2,8.0,3.4,1.03,50,0.903,0.3067,8,0,1,0,0
98,mixed_use,plateau,standard,healthy,clustered,Turkey Urban,TR-001,FD-01,41.11145295413428,34.64083444825913,T2,0,none,7.696418383901424,5.410041259046454,1.2524816073765446,18.869359547675064,4.90859315934926,0.6087442572027837,-1.214714240464755,184.71404121363418,11.531149047438063,0.06242703029531602,0.4743801848222645,0.0,0.10179640718562874,4.937383156839786,20,9.473280848767896,1.0786064302850509,4.340919612184461,1.8175101143261974,0.32139966718681734,0.40787915246285744,0.05357142857142857,9.538548687142262,8.58230476177688,0.0,0.8860263418496656,0.11178799483817463,3,87.94443855174069,0,0,7,0.0,4.4,3.08,50,1.118,-0.0205,44,0,1,0,1
99,residential,plateau,standard,healthy,clustered,Turkey Urban,TR-001,FD-01,41.37816837165774,37.501615629235516,T1,1,peak_clipping,0.7287372144352455,0.2762525357622307,0.0,0.996752500297224,0.7695597895253357,-0.5587583608933038,-0.9320818030181481,17.489693146445894,0.7880236716443147,0.045056460659167456,1.0043996517278144,0.005952380952380952,0.04790419161676647,-0.08973452737301091,7,0.48223237829135246,1.0113537140447986,1.5843887122813127,1.6056173352713703,0.46205966675835203,0.7311114914753931,0.0,0.9512349409834183,0.683743975274595,0.0,-0.2725336162878395,0.21956158924190258,3,20.134524575595695,1,8,5,8.0,2.94,0.29,50,0.256,-0.0266,1,1,0,0,1
